﻿id,created_at,deleted,object_name,title
18,15:37.1,FALSE,1692173737131_공연.png,공연
19,16:02.9,FALSE,1692173762932_그리스.png,그리스
20,16:13.4,FALSE,1692173773442_꽃.png,꽃
21,16:36.9,FALSE,1692173796856_노동요.png,노동요
22,16:58.0,FALSE,1692173817950_달에서의지구.png,달에서의지구
23,17:10.9,FALSE,1692173830885_러시모어.png,러시모어
24,17:21.5,FALSE,1692173841450_마리오.png,마리오
25,17:30.6,FALSE,1692173850597_마이크.png,마이크
26,17:48.0,FALSE,1692173868012_백악관집무실.png,백악관집무실
27,18:03.6,FALSE,1692173883616_별이빛나는밤.png,별이빛나는밤
28,18:20.6,FALSE,1692173900581_빛번짐.png,빛번짐
29,18:30.7,FALSE,1692173910739_석양.png,석양
30,18:42.2,FALSE,1692173922242_숲.png,숲
31,18:53.5,FALSE,1692173933537_스펀지밥.png,스펀지밥
32,19:10.6,FALSE,1692173950579_안데르마트.png,안데르마트
33,19:22.3,FALSE,1692173962326_알파카.png,알파카
34,19:34.0,FALSE,1692173974020_인공위성.png,인공위성
35,19:45.3,FALSE,1692173985342_최후의만찬.png,최후의만찬
36,19:56.5,FALSE,1692173996486_타일.png,타일
37,20:07.9,FALSE,1692174007892_피사의사탑.png,피사의사탑
38,23:16.2,FALSE,1692174196168_초전도체.png,초전도체
39,58:51.4,FALSE,1692190731353_범죄와의전쟁.png,범죄와의전쟁
40,59:04.8,FALSE,1692190744781_매드맥스.png,매드맥스
41,59:26.4,FALSE,1692190766365_배틀그라운드.png,배틀그라운드
42,00:26.4,FALSE,1692190826447_버블버블.png,버블버블
