﻿id,created_at,deleted,object_name,title
1,38:54.1,FALSE,1691987934058_1691566919093_벚꽃_가로.png,벚꽃 가로
2,39:10.6,FALSE,1691987950550_1691567039589_벚꽃_세로.png,벚꽃 세로
3,39:35.7,FALSE,1691987975675_1691567066100_장미_가로.png,장미 가로
4,39:54.2,FALSE,1691987994196_1691730543395_캔디_세로.png,캔디 세로
5,40:01.9,FALSE,1691988001876_1691730659719_몬드리안.png,몬드리안
6,50:49.9,FALSE,1691992249919_1691730429614_네이비_싱글.png,네이비 싱글
7,38:54.0,FALSE,1692175133993_뉴스데스크.png,뉴스데스크
